sno,r,t,trangeMin,trangeMax
1,1,-0.5,-0.4,-0.6
2,4,-0.5,-0.4,-0.6
3,2,1.45,1,1.5
4,2,1.4,1.2,1.8
5,2,1.5,1.333333334,2
6,2,1.45,1.866666666,2.8
7,0.1,0.95,0.8,1.2
8,0.1,0.98,0.8,1.2
9,0.5,1.333333333,1.066666666,1.6
10,0.5,1.3,1,1.5
11,0.5,1.25,1,1.5
12,0.5,0.5,0.266666666,0.4
13,0.1,0.8,0.666666666,1
14,0.1,-0.9,0.64,0.96
